
INSERT INTO Reseller.ContactType (Id, Name, Description, UserID, UpdateDate) VALUES (1, N'DataManager', N'Reseller data manager with login account', N'SOME/USERID', N'2022-03-28 11:29:44.157');
INSERT INTO Reseller.ContactType (Id, Name, Description, UserID, UpdateDate) VALUES (2, N'Contact', N'Subscription company contact', N'SOME/USERID', N'2022-03-28 11:30:19.460');

INSERT INTO Reseller.Country (Id, Name, SelectOrder, UserID, UpdateDate) VALUES (1, N'United States', 1, N'SOME/USERID', N'2022-03-28 11:46:25.913');
INSERT INTO Reseller.Country (Id, Name, SelectOrder, UserID, UpdateDate) VALUES (2, N'Afghanistan', 2, N'SOME/USERID', N'2022-03-28 11:46:25.913');
INSERT INTO Reseller.Country (Id, Name, SelectOrder, UserID, UpdateDate) VALUES (3, N'Albania', 3, N'SOME/USERID', N'2022-03-28 11:46:25.913');
INSERT INTO Reseller.Country (Id, Name, SelectOrder, UserID, UpdateDate) VALUES (4, N'Algeria', 4, N'SOME/USERID', N'2022-03-28 11:46:25.913');
INSERT INTO Reseller.Country (Id, Name, SelectOrder, UserID, UpdateDate) VALUES (5, N'Andorra', 5, N'SOME/USERID', N'2022-03-28 11:46:25.913');
INSERT INTO Reseller.Country (Id, Name, SelectOrder, UserID, UpdateDate) VALUES (6, N'Angola', 6, N'SOME/USERID', N'2022-03-28 11:46:25.913');
INSERT INTO Reseller.Country (Id, Name, SelectOrder, UserID, UpdateDate) VALUES (7, N'Antigua and Barbuda', 7, N'SOME/USERID', N'2022-03-28 11:46:25.913');
INSERT INTO Reseller.Country (Id, Name, SelectOrder, UserID, UpdateDate) VALUES (8, N'Argentina', 8, N'SOME/USERID', N'2022-03-28 11:46:25.913');
INSERT INTO Reseller.Country (Id, Name, SelectOrder, UserID, UpdateDate) VALUES (9, N'Armenia', 9, N'SOME/USERID', N'2022-03-28 11:46:25.913');
INSERT INTO Reseller.Country (Id, Name, SelectOrder, UserID, UpdateDate) VALUES (10, N'Australia', 10, N'SOME/USERID', N'2022-03-28 11:46:25.913');
INSERT INTO Reseller.Country (Id, Name, SelectOrder, UserID, UpdateDate) VALUES (11, N'Austria', 11, N'SOME/USERID', N'2022-03-28 11:46:25.913');
INSERT INTO Reseller.Country (Id, Name, SelectOrder, UserID, UpdateDate) VALUES (12, N'Azerbaijan', 12, N'SOME/USERID', N'2022-03-28 11:46:25.913');
INSERT INTO Reseller.Country (Id, Name, SelectOrder, UserID, UpdateDate) VALUES (13, N'Bahamas, The', 13, N'SOME/USERID', N'2022-03-28 11:46:25.913');
INSERT INTO Reseller.Country (Id, Name, SelectOrder, UserID, UpdateDate) VALUES (14, N'Bahrain', 14, N'SOME/USERID', N'2022-03-28 11:46:25.913');
INSERT INTO Reseller.Country (Id, Name, SelectOrder, UserID, UpdateDate) VALUES (15, N'Bangladesh', 15, N'SOME/USERID', N'2022-03-28 11:46:25.913');
INSERT INTO Reseller.Country (Id, Name, SelectOrder, UserID, UpdateDate) VALUES (16, N'Barbados', 16, N'SOME/USERID', N'2022-03-28 11:46:25.913');
INSERT INTO Reseller.Country (Id, Name, SelectOrder, UserID, UpdateDate) VALUES (17, N'Belarus', 17, N'SOME/USERID', N'2022-03-28 11:46:25.913');
INSERT INTO Reseller.Country (Id, Name, SelectOrder, UserID, UpdateDate) VALUES (18, N'Belgium', 18, N'SOME/USERID', N'2022-03-28 11:46:25.913');
INSERT INTO Reseller.Country (Id, Name, SelectOrder, UserID, UpdateDate) VALUES (19, N'Belize', 19, N'SOME/USERID', N'2022-03-28 11:46:25.913');
INSERT INTO Reseller.Country (Id, Name, SelectOrder, UserID, UpdateDate) VALUES (20, N'Benin', 20, N'SOME/USERID', N'2022-03-28 11:46:25.913');
INSERT INTO Reseller.Country (Id, Name, SelectOrder, UserID, UpdateDate) VALUES (21, N'Bhutan', 21, N'SOME/USERID', N'2022-03-28 11:46:25.913');
INSERT INTO Reseller.Country (Id, Name, SelectOrder, UserID, UpdateDate) VALUES (22, N'Bolivia', 22, N'SOME/USERID', N'2022-03-28 11:46:25.913');
INSERT INTO Reseller.Country (Id, Name, SelectOrder, UserID, UpdateDate) VALUES (23, N'Bosnia and Herzegovina', 23, N'SOME/USERID', N'2022-03-28 11:46:25.913');
INSERT INTO Reseller.Country (Id, Name, SelectOrder, UserID, UpdateDate) VALUES (24, N'Botswana', 24, N'SOME/USERID', N'2022-03-28 11:46:25.913');
INSERT INTO Reseller.Country (Id, Name, SelectOrder, UserID, UpdateDate) VALUES (25, N'Brazil', 25, N'SOME/USERID', N'2022-03-28 11:46:25.913');
INSERT INTO Reseller.Country (Id, Name, SelectOrder, UserID, UpdateDate) VALUES (26, N'Brunei ', 26, N'SOME/USERID', N'2022-03-28 11:46:25.913');
INSERT INTO Reseller.Country (Id, Name, SelectOrder, UserID, UpdateDate) VALUES (27, N'Bulgaria', 27, N'SOME/USERID', N'2022-03-28 11:46:25.913');
INSERT INTO Reseller.Country (Id, Name, SelectOrder, UserID, UpdateDate) VALUES (28, N'Burkina Faso', 28, N'SOME/USERID', N'2022-03-28 11:46:25.913');
INSERT INTO Reseller.Country (Id, Name, SelectOrder, UserID, UpdateDate) VALUES (29, N'Burma', 29, N'SOME/USERID', N'2022-03-28 11:46:25.913');
INSERT INTO Reseller.Country (Id, Name, SelectOrder, UserID, UpdateDate) VALUES (30, N'Burundi', 30, N'SOME/USERID', N'2022-03-28 11:46:25.913');
INSERT INTO Reseller.Country (Id, Name, SelectOrder, UserID, UpdateDate) VALUES (31, N'Cambodia', 31, N'SOME/USERID', N'2022-03-28 11:46:25.913');
INSERT INTO Reseller.Country (Id, Name, SelectOrder, UserID, UpdateDate) VALUES (32, N'Cameroon', 32, N'SOME/USERID', N'2022-03-28 11:46:25.913');
INSERT INTO Reseller.Country (Id, Name, SelectOrder, UserID, UpdateDate) VALUES (33, N'Canada', 33, N'SOME/USERID', N'2022-03-28 11:46:25.913');
INSERT INTO Reseller.Country (Id, Name, SelectOrder, UserID, UpdateDate) VALUES (34, N'Cape Verde', 34, N'SOME/USERID', N'2022-03-28 11:46:25.913');
INSERT INTO Reseller.Country (Id, Name, SelectOrder, UserID, UpdateDate) VALUES (35, N'Central African Republic', 35, N'SOME/USERID', N'2022-03-28 11:46:25.913');
INSERT INTO Reseller.Country (Id, Name, SelectOrder, UserID, UpdateDate) VALUES (36, N'Chad', 36, N'SOME/USERID', N'2022-03-28 11:46:25.913');
INSERT INTO Reseller.Country (Id, Name, SelectOrder, UserID, UpdateDate) VALUES (37, N'Chile', 37, N'SOME/USERID', N'2022-03-28 11:46:25.913');
INSERT INTO Reseller.Country (Id, Name, SelectOrder, UserID, UpdateDate) VALUES (38, N'China', 38, N'SOME/USERID', N'2022-03-28 11:46:25.913');
INSERT INTO Reseller.Country (Id, Name, SelectOrder, UserID, UpdateDate) VALUES (39, N'Colombia', 39, N'SOME/USERID', N'2022-03-28 11:46:25.913');
INSERT INTO Reseller.Country (Id, Name, SelectOrder, UserID, UpdateDate) VALUES (40, N'Comoros', 40, N'SOME/USERID', N'2022-03-28 11:46:25.913');
INSERT INTO Reseller.Country (Id, Name, SelectOrder, UserID, UpdateDate) VALUES (41, N'Congo (Brazzaville)', 41, N'SOME/USERID', N'2022-03-28 11:46:25.913');
INSERT INTO Reseller.Country (Id, Name, SelectOrder, UserID, UpdateDate) VALUES (42, N'Congo (Kinshasa)', 42, N'SOME/USERID', N'2022-03-28 11:46:25.913');
INSERT INTO Reseller.Country (Id, Name, SelectOrder, UserID, UpdateDate) VALUES (43, N'Costa Rica', 43, N'SOME/USERID', N'2022-03-28 11:46:25.913');
INSERT INTO Reseller.Country (Id, Name, SelectOrder, UserID, UpdateDate) VALUES (44, N'Cote dIvoire', 44, N'SOME/USERID', N'2022-03-28 11:46:25.913');
INSERT INTO Reseller.Country (Id, Name, SelectOrder, UserID, UpdateDate) VALUES (45, N'Croatia', 45, N'SOME/USERID', N'2022-03-28 11:46:25.913');
INSERT INTO Reseller.Country (Id, Name, SelectOrder, UserID, UpdateDate) VALUES (46, N'Cyprus', 46, N'SOME/USERID', N'2022-03-28 11:46:25.913');
INSERT INTO Reseller.Country (Id, Name, SelectOrder, UserID, UpdateDate) VALUES (47, N'Czech Republic', 47, N'SOME/USERID', N'2022-03-28 11:46:25.913');
INSERT INTO Reseller.Country (Id, Name, SelectOrder, UserID, UpdateDate) VALUES (48, N'Denmark', 48, N'SOME/USERID', N'2022-03-28 11:46:25.913');
INSERT INTO Reseller.Country (Id, Name, SelectOrder, UserID, UpdateDate) VALUES (49, N'Djibouti', 49, N'SOME/USERID', N'2022-03-28 11:46:25.913');
INSERT INTO Reseller.Country (Id, Name, SelectOrder, UserID, UpdateDate) VALUES (50, N'Dominica', 50, N'SOME/USERID', N'2022-03-28 11:46:25.913');
INSERT INTO Reseller.Country (Id, Name, SelectOrder, UserID, UpdateDate) VALUES (51, N'Dominican Republic', 51, N'SOME/USERID', N'2022-03-28 11:46:25.913');
INSERT INTO Reseller.Country (Id, Name, SelectOrder, UserID, UpdateDate) VALUES (52, N'East Timor (see Timor-Leste)', 52, N'SOME/USERID', N'2022-03-28 11:46:25.913');
INSERT INTO Reseller.Country (Id, Name, SelectOrder, UserID, UpdateDate) VALUES (53, N'Ecuador', 53, N'SOME/USERID', N'2022-03-28 11:46:25.913');
INSERT INTO Reseller.Country (Id, Name, SelectOrder, UserID, UpdateDate) VALUES (54, N'Egypt', 54, N'SOME/USERID', N'2022-03-28 11:46:25.913');
INSERT INTO Reseller.Country (Id, Name, SelectOrder, UserID, UpdateDate) VALUES (55, N'El Salvador', 55, N'SOME/USERID', N'2022-03-28 11:46:25.913');
INSERT INTO Reseller.Country (Id, Name, SelectOrder, UserID, UpdateDate) VALUES (56, N'Equatorial Guinea', 56, N'SOME/USERID', N'2022-03-28 11:46:25.913');
INSERT INTO Reseller.Country (Id, Name, SelectOrder, UserID, UpdateDate) VALUES (57, N'Eritrea', 57, N'SOME/USERID', N'2022-03-28 11:46:25.913');
INSERT INTO Reseller.Country (Id, Name, SelectOrder, UserID, UpdateDate) VALUES (58, N'Estonia', 58, N'SOME/USERID', N'2022-03-28 11:46:25.913');
INSERT INTO Reseller.Country (Id, Name, SelectOrder, UserID, UpdateDate) VALUES (59, N'Ethiopia', 59, N'SOME/USERID', N'2022-03-28 11:46:25.913');
INSERT INTO Reseller.Country (Id, Name, SelectOrder, UserID, UpdateDate) VALUES (60, N'Fiji', 60, N'SOME/USERID', N'2022-03-28 11:46:25.913');
INSERT INTO Reseller.Country (Id, Name, SelectOrder, UserID, UpdateDate) VALUES (61, N'Finland', 61, N'SOME/USERID', N'2022-03-28 11:46:25.913');
INSERT INTO Reseller.Country (Id, Name, SelectOrder, UserID, UpdateDate) VALUES (62, N'France', 62, N'SOME/USERID', N'2022-03-28 11:46:25.913');
INSERT INTO Reseller.Country (Id, Name, SelectOrder, UserID, UpdateDate) VALUES (63, N'Gabon', 63, N'SOME/USERID', N'2022-03-28 11:46:25.913');
INSERT INTO Reseller.Country (Id, Name, SelectOrder, UserID, UpdateDate) VALUES (64, N'Gambia, The', 64, N'SOME/USERID', N'2022-03-28 11:46:25.913');
INSERT INTO Reseller.Country (Id, Name, SelectOrder, UserID, UpdateDate) VALUES (65, N'Georgia', 65, N'SOME/USERID', N'2022-03-28 11:46:25.913');
INSERT INTO Reseller.Country (Id, Name, SelectOrder, UserID, UpdateDate) VALUES (66, N'Germany', 66, N'SOME/USERID', N'2022-03-28 11:46:25.913');
INSERT INTO Reseller.Country (Id, Name, SelectOrder, UserID, UpdateDate) VALUES (67, N'Ghana', 67, N'SOME/USERID', N'2022-03-28 11:46:25.913');
INSERT INTO Reseller.Country (Id, Name, SelectOrder, UserID, UpdateDate) VALUES (68, N'Greece', 68, N'SOME/USERID', N'2022-03-28 11:46:25.913');
INSERT INTO Reseller.Country (Id, Name, SelectOrder, UserID, UpdateDate) VALUES (69, N'Grenada', 69, N'SOME/USERID', N'2022-03-28 11:46:25.913');
INSERT INTO Reseller.Country (Id, Name, SelectOrder, UserID, UpdateDate) VALUES (70, N'Guatemala', 70, N'SOME/USERID', N'2022-03-28 11:46:25.913');
INSERT INTO Reseller.Country (Id, Name, SelectOrder, UserID, UpdateDate) VALUES (71, N'Guinea', 71, N'SOME/USERID', N'2022-03-28 11:46:25.913');
INSERT INTO Reseller.Country (Id, Name, SelectOrder, UserID, UpdateDate) VALUES (72, N'Guinea-Bissau', 72, N'SOME/USERID', N'2022-03-28 11:46:25.913');
INSERT INTO Reseller.Country (Id, Name, SelectOrder, UserID, UpdateDate) VALUES (73, N'Guyana', 73, N'SOME/USERID', N'2022-03-28 11:46:25.913');
INSERT INTO Reseller.Country (Id, Name, SelectOrder, UserID, UpdateDate) VALUES (74, N'Haiti', 74, N'SOME/USERID', N'2022-03-28 11:46:25.913');
INSERT INTO Reseller.Country (Id, Name, SelectOrder, UserID, UpdateDate) VALUES (75, N'Holy See', 75, N'SOME/USERID', N'2022-03-28 11:46:25.913');
INSERT INTO Reseller.Country (Id, Name, SelectOrder, UserID, UpdateDate) VALUES (76, N'Honduras', 76, N'SOME/USERID', N'2022-03-28 11:46:25.913');
INSERT INTO Reseller.Country (Id, Name, SelectOrder, UserID, UpdateDate) VALUES (77, N'Hong Kong', 77, N'SOME/USERID', N'2022-03-28 11:46:25.913');
INSERT INTO Reseller.Country (Id, Name, SelectOrder, UserID, UpdateDate) VALUES (78, N'Hungary', 78, N'SOME/USERID', N'2022-03-28 11:46:25.913');
INSERT INTO Reseller.Country (Id, Name, SelectOrder, UserID, UpdateDate) VALUES (79, N'Iceland', 79, N'SOME/USERID', N'2022-03-28 11:46:25.913');
INSERT INTO Reseller.Country (Id, Name, SelectOrder, UserID, UpdateDate) VALUES (80, N'India', 80, N'SOME/USERID', N'2022-03-28 11:46:25.913');
INSERT INTO Reseller.Country (Id, Name, SelectOrder, UserID, UpdateDate) VALUES (81, N'Indonesia', 81, N'SOME/USERID', N'2022-03-28 11:46:25.913');
INSERT INTO Reseller.Country (Id, Name, SelectOrder, UserID, UpdateDate) VALUES (82, N'Iraq', 82, N'SOME/USERID', N'2022-03-28 11:46:25.913');
INSERT INTO Reseller.Country (Id, Name, SelectOrder, UserID, UpdateDate) VALUES (83, N'Ireland', 83, N'SOME/USERID', N'2022-03-28 11:46:25.913');
INSERT INTO Reseller.Country (Id, Name, SelectOrder, UserID, UpdateDate) VALUES (84, N'Israel', 84, N'SOME/USERID', N'2022-03-28 11:46:25.913');
INSERT INTO Reseller.Country (Id, Name, SelectOrder, UserID, UpdateDate) VALUES (85, N'Italy', 85, N'SOME/USERID', N'2022-03-28 11:46:25.913');
INSERT INTO Reseller.Country (Id, Name, SelectOrder, UserID, UpdateDate) VALUES (86, N'Jamaica', 86, N'SOME/USERID', N'2022-03-28 11:46:25.913');
INSERT INTO Reseller.Country (Id, Name, SelectOrder, UserID, UpdateDate) VALUES (87, N'Japan', 87, N'SOME/USERID', N'2022-03-28 11:46:25.913');
INSERT INTO Reseller.Country (Id, Name, SelectOrder, UserID, UpdateDate) VALUES (88, N'Jordan', 88, N'SOME/USERID', N'2022-03-28 11:46:25.913');
INSERT INTO Reseller.Country (Id, Name, SelectOrder, UserID, UpdateDate) VALUES (89, N'Kazakhstan', 89, N'SOME/USERID', N'2022-03-28 11:46:25.913');
INSERT INTO Reseller.Country (Id, Name, SelectOrder, UserID, UpdateDate) VALUES (90, N'Kenya', 90, N'SOME/USERID', N'2022-03-28 11:46:25.913');
INSERT INTO Reseller.Country (Id, Name, SelectOrder, UserID, UpdateDate) VALUES (91, N'Kiribati', 91, N'SOME/USERID', N'2022-03-28 11:46:25.913');
INSERT INTO Reseller.Country (Id, Name, SelectOrder, UserID, UpdateDate) VALUES (92, N'Korea, North', 92, N'SOME/USERID', N'2022-03-28 11:46:25.913');
INSERT INTO Reseller.Country (Id, Name, SelectOrder, UserID, UpdateDate) VALUES (93, N'Korea, South', 93, N'SOME/USERID', N'2022-03-28 11:46:25.913');
INSERT INTO Reseller.Country (Id, Name, SelectOrder, UserID, UpdateDate) VALUES (94, N'Kosovo', 94, N'SOME/USERID', N'2022-03-28 11:46:25.913');
INSERT INTO Reseller.Country (Id, Name, SelectOrder, UserID, UpdateDate) VALUES (95, N'Kuwait', 95, N'SOME/USERID', N'2022-03-28 11:46:25.913');
INSERT INTO Reseller.Country (Id, Name, SelectOrder, UserID, UpdateDate) VALUES (96, N'Kyrgyzstan', 96, N'SOME/USERID', N'2022-03-28 11:46:25.913');
INSERT INTO Reseller.Country (Id, Name, SelectOrder, UserID, UpdateDate) VALUES (97, N'Laos', 97, N'SOME/USERID', N'2022-03-28 11:46:25.913');
INSERT INTO Reseller.Country (Id, Name, SelectOrder, UserID, UpdateDate) VALUES (98, N'Latvia', 98, N'SOME/USERID', N'2022-03-28 11:46:25.913');
INSERT INTO Reseller.Country (Id, Name, SelectOrder, UserID, UpdateDate) VALUES (99, N'Lebanon', 99, N'SOME/USERID', N'2022-03-28 11:46:25.913');
INSERT INTO Reseller.Country (Id, Name, SelectOrder, UserID, UpdateDate) VALUES (100, N'Lesotho', 100, N'SOME/USERID', N'2022-03-28 11:46:25.913');
INSERT INTO Reseller.Country (Id, Name, SelectOrder, UserID, UpdateDate) VALUES (101, N'Liberia', 101, N'SOME/USERID', N'2022-03-28 11:46:25.913');
INSERT INTO Reseller.Country (Id, Name, SelectOrder, UserID, UpdateDate) VALUES (102, N'Libya', 102, N'SOME/USERID', N'2022-03-28 11:46:25.913');
INSERT INTO Reseller.Country (Id, Name, SelectOrder, UserID, UpdateDate) VALUES (103, N'Liechtenstein', 103, N'SOME/USERID', N'2022-03-28 11:46:25.913');
INSERT INTO Reseller.Country (Id, Name, SelectOrder, UserID, UpdateDate) VALUES (104, N'Lithuania', 104, N'SOME/USERID', N'2022-03-28 11:46:25.913');
INSERT INTO Reseller.Country (Id, Name, SelectOrder, UserID, UpdateDate) VALUES (105, N'Luxembourg', 105, N'SOME/USERID', N'2022-03-28 11:46:25.913');
INSERT INTO Reseller.Country (Id, Name, SelectOrder, UserID, UpdateDate) VALUES (106, N'Macau', 106, N'SOME/USERID', N'2022-03-28 11:46:25.913');
INSERT INTO Reseller.Country (Id, Name, SelectOrder, UserID, UpdateDate) VALUES (107, N'Macedonia', 107, N'SOME/USERID', N'2022-03-28 11:46:25.913');
INSERT INTO Reseller.Country (Id, Name, SelectOrder, UserID, UpdateDate) VALUES (108, N'Madagascar', 108, N'SOME/USERID', N'2022-03-28 11:46:25.913');
INSERT INTO Reseller.Country (Id, Name, SelectOrder, UserID, UpdateDate) VALUES (109, N'Malawi', 109, N'SOME/USERID', N'2022-03-28 11:46:25.913');
INSERT INTO Reseller.Country (Id, Name, SelectOrder, UserID, UpdateDate) VALUES (110, N'Malaysia', 110, N'SOME/USERID', N'2022-03-28 11:46:25.913');
INSERT INTO Reseller.Country (Id, Name, SelectOrder, UserID, UpdateDate) VALUES (111, N'Maldives', 111, N'SOME/USERID', N'2022-03-28 11:46:25.913');
INSERT INTO Reseller.Country (Id, Name, SelectOrder, UserID, UpdateDate) VALUES (112, N'Mali', 112, N'SOME/USERID', N'2022-03-28 11:46:25.913');
INSERT INTO Reseller.Country (Id, Name, SelectOrder, UserID, UpdateDate) VALUES (113, N'Malta', 113, N'SOME/USERID', N'2022-03-28 11:46:25.913');
INSERT INTO Reseller.Country (Id, Name, SelectOrder, UserID, UpdateDate) VALUES (114, N'Marshall Islands', 114, N'SOME/USERID', N'2022-03-28 11:46:25.913');
INSERT INTO Reseller.Country (Id, Name, SelectOrder, UserID, UpdateDate) VALUES (115, N'Mauritania', 115, N'SOME/USERID', N'2022-03-28 11:46:25.913');
INSERT INTO Reseller.Country (Id, Name, SelectOrder, UserID, UpdateDate) VALUES (116, N'Mauritius', 116, N'SOME/USERID', N'2022-03-28 11:46:25.913');
INSERT INTO Reseller.Country (Id, Name, SelectOrder, UserID, UpdateDate) VALUES (117, N'Mexico', 117, N'SOME/USERID', N'2022-03-28 11:46:25.913');
INSERT INTO Reseller.Country (Id, Name, SelectOrder, UserID, UpdateDate) VALUES (118, N'Micronesia', 118, N'SOME/USERID', N'2022-03-28 11:46:25.913');
INSERT INTO Reseller.Country (Id, Name, SelectOrder, UserID, UpdateDate) VALUES (119, N'Moldova', 119, N'SOME/USERID', N'2022-03-28 11:46:25.913');
INSERT INTO Reseller.Country (Id, Name, SelectOrder, UserID, UpdateDate) VALUES (120, N'Monaco', 120, N'SOME/USERID', N'2022-03-28 11:46:25.913');
INSERT INTO Reseller.Country (Id, Name, SelectOrder, UserID, UpdateDate) VALUES (121, N'Mongolia', 121, N'SOME/USERID', N'2022-03-28 11:46:25.913');
INSERT INTO Reseller.Country (Id, Name, SelectOrder, UserID, UpdateDate) VALUES (122, N'Montenegro', 122, N'SOME/USERID', N'2022-03-28 11:46:25.913');
INSERT INTO Reseller.Country (Id, Name, SelectOrder, UserID, UpdateDate) VALUES (123, N'Morocco', 123, N'SOME/USERID', N'2022-03-28 11:46:25.913');
INSERT INTO Reseller.Country (Id, Name, SelectOrder, UserID, UpdateDate) VALUES (124, N'Mozambique', 124, N'SOME/USERID', N'2022-03-28 11:46:25.913');
INSERT INTO Reseller.Country (Id, Name, SelectOrder, UserID, UpdateDate) VALUES (125, N'Namibia', 125, N'SOME/USERID', N'2022-03-28 11:46:25.913');
INSERT INTO Reseller.Country (Id, Name, SelectOrder, UserID, UpdateDate) VALUES (126, N'Nauru', 126, N'SOME/USERID', N'2022-03-28 11:46:25.913');
INSERT INTO Reseller.Country (Id, Name, SelectOrder, UserID, UpdateDate) VALUES (127, N'Nepal', 127, N'SOME/USERID', N'2022-03-28 11:46:25.913');
INSERT INTO Reseller.Country (Id, Name, SelectOrder, UserID, UpdateDate) VALUES (128, N'Netherlands', 128, N'SOME/USERID', N'2022-03-28 11:46:25.913');
INSERT INTO Reseller.Country (Id, Name, SelectOrder, UserID, UpdateDate) VALUES (129, N'Netherlands Antilles', 129, N'SOME/USERID', N'2022-03-28 11:46:25.913');
INSERT INTO Reseller.Country (Id, Name, SelectOrder, UserID, UpdateDate) VALUES (130, N'New Zealand', 130, N'SOME/USERID', N'2022-03-28 11:46:25.913');
INSERT INTO Reseller.Country (Id, Name, SelectOrder, UserID, UpdateDate) VALUES (131, N'Nicaragua', 131, N'SOME/USERID', N'2022-03-28 11:46:25.913');
INSERT INTO Reseller.Country (Id, Name, SelectOrder, UserID, UpdateDate) VALUES (132, N'Niger', 132, N'SOME/USERID', N'2022-03-28 11:46:25.913');
INSERT INTO Reseller.Country (Id, Name, SelectOrder, UserID, UpdateDate) VALUES (133, N'Nigeria', 133, N'SOME/USERID', N'2022-03-28 11:46:25.913');
INSERT INTO Reseller.Country (Id, Name, SelectOrder, UserID, UpdateDate) VALUES (135, N'Norway', 135, N'SOME/USERID', N'2022-03-28 11:46:25.913');
INSERT INTO Reseller.Country (Id, Name, SelectOrder, UserID, UpdateDate) VALUES (136, N'Oman', 136, N'SOME/USERID', N'2022-03-28 11:46:25.913');
INSERT INTO Reseller.Country (Id, Name, SelectOrder, UserID, UpdateDate) VALUES (137, N'Pakistan', 137, N'SOME/USERID', N'2022-03-28 11:46:25.913');
INSERT INTO Reseller.Country (Id, Name, SelectOrder, UserID, UpdateDate) VALUES (138, N'Palau', 138, N'SOME/USERID', N'2022-03-28 11:46:25.913');
INSERT INTO Reseller.Country (Id, Name, SelectOrder, UserID, UpdateDate) VALUES (139, N'Palestinian Territories', 139, N'SOME/USERID', N'2022-03-28 11:46:25.913');
INSERT INTO Reseller.Country (Id, Name, SelectOrder, UserID, UpdateDate) VALUES (140, N'Panama', 140, N'SOME/USERID', N'2022-03-28 11:46:25.913');
INSERT INTO Reseller.Country (Id, Name, SelectOrder, UserID, UpdateDate) VALUES (141, N'Papua New Guinea', 141, N'SOME/USERID', N'2022-03-28 11:46:25.913');
INSERT INTO Reseller.Country (Id, Name, SelectOrder, UserID, UpdateDate) VALUES (142, N'Paraguay', 142, N'SOME/USERID', N'2022-03-28 11:46:25.913');
INSERT INTO Reseller.Country (Id, Name, SelectOrder, UserID, UpdateDate) VALUES (143, N'Peru', 143, N'SOME/USERID', N'2022-03-28 11:46:25.913');
INSERT INTO Reseller.Country (Id, Name, SelectOrder, UserID, UpdateDate) VALUES (144, N'Philippines', 144, N'SOME/USERID', N'2022-03-28 11:46:25.913');
INSERT INTO Reseller.Country (Id, Name, SelectOrder, UserID, UpdateDate) VALUES (145, N'Poland', 145, N'SOME/USERID', N'2022-03-28 11:46:25.913');
INSERT INTO Reseller.Country (Id, Name, SelectOrder, UserID, UpdateDate) VALUES (146, N'Portugal', 146, N'SOME/USERID', N'2022-03-28 11:46:25.913');
INSERT INTO Reseller.Country (Id, Name, SelectOrder, UserID, UpdateDate) VALUES (147, N'Qatar', 147, N'SOME/USERID', N'2022-03-28 11:46:25.913');
INSERT INTO Reseller.Country (Id, Name, SelectOrder, UserID, UpdateDate) VALUES (148, N'Romania', 148, N'SOME/USERID', N'2022-03-28 11:46:25.913');
INSERT INTO Reseller.Country (Id, Name, SelectOrder, UserID, UpdateDate) VALUES (149, N'Russia', 149, N'SOME/USERID', N'2022-03-28 11:46:25.913');
INSERT INTO Reseller.Country (Id, Name, SelectOrder, UserID, UpdateDate) VALUES (150, N'Rwanda', 150, N'SOME/USERID', N'2022-03-28 11:46:25.913');
INSERT INTO Reseller.Country (Id, Name, SelectOrder, UserID, UpdateDate) VALUES (151, N'Saint Kitts and Nevis', 151, N'SOME/USERID', N'2022-03-28 11:46:25.913');
INSERT INTO Reseller.Country (Id, Name, SelectOrder, UserID, UpdateDate) VALUES (152, N'Saint Lucia', 152, N'SOME/USERID', N'2022-03-28 11:46:25.913');
INSERT INTO Reseller.Country (Id, Name, SelectOrder, UserID, UpdateDate) VALUES (153, N'Saint Vincent and the Grenadines', 153, N'SOME/USERID', N'2022-03-28 11:46:25.913');
INSERT INTO Reseller.Country (Id, Name, SelectOrder, UserID, UpdateDate) VALUES (154, N'Samoa ', 154, N'SOME/USERID', N'2022-03-28 11:46:25.913');
INSERT INTO Reseller.Country (Id, Name, SelectOrder, UserID, UpdateDate) VALUES (155, N'San Marino', 155, N'SOME/USERID', N'2022-03-28 11:46:25.913');
INSERT INTO Reseller.Country (Id, Name, SelectOrder, UserID, UpdateDate) VALUES (156, N'Sao Tome and Principe', 156, N'SOME/USERID', N'2022-03-28 11:46:25.913');
INSERT INTO Reseller.Country (Id, Name, SelectOrder, UserID, UpdateDate) VALUES (157, N'Saudi Arabia', 157, N'SOME/USERID', N'2022-03-28 11:46:25.913');
INSERT INTO Reseller.Country (Id, Name, SelectOrder, UserID, UpdateDate) VALUES (158, N'Senegal', 158, N'SOME/USERID', N'2022-03-28 11:46:25.913');
INSERT INTO Reseller.Country (Id, Name, SelectOrder, UserID, UpdateDate) VALUES (159, N'Serbia', 159, N'SOME/USERID', N'2022-03-28 11:46:25.913');
INSERT INTO Reseller.Country (Id, Name, SelectOrder, UserID, UpdateDate) VALUES (160, N'Seychelles', 160, N'SOME/USERID', N'2022-03-28 11:46:25.913');
INSERT INTO Reseller.Country (Id, Name, SelectOrder, UserID, UpdateDate) VALUES (161, N'Sierra Leone', 161, N'SOME/USERID', N'2022-03-28 11:46:25.913');
INSERT INTO Reseller.Country (Id, Name, SelectOrder, UserID, UpdateDate) VALUES (162, N'Singapore', 162, N'SOME/USERID', N'2022-03-28 11:46:25.913');
INSERT INTO Reseller.Country (Id, Name, SelectOrder, UserID, UpdateDate) VALUES (163, N'Slovakia', 163, N'SOME/USERID', N'2022-03-28 11:46:25.913');
INSERT INTO Reseller.Country (Id, Name, SelectOrder, UserID, UpdateDate) VALUES (164, N'Slovenia', 164, N'SOME/USERID', N'2022-03-28 11:46:25.913');
INSERT INTO Reseller.Country (Id, Name, SelectOrder, UserID, UpdateDate) VALUES (165, N'Solomon Islands', 165, N'SOME/USERID', N'2022-03-28 11:46:25.913');
INSERT INTO Reseller.Country (Id, Name, SelectOrder, UserID, UpdateDate) VALUES (166, N'Somalia', 166, N'SOME/USERID', N'2022-03-28 11:46:25.913');
INSERT INTO Reseller.Country (Id, Name, SelectOrder, UserID, UpdateDate) VALUES (167, N'South Africa', 167, N'SOME/USERID', N'2022-03-28 11:46:25.913');
INSERT INTO Reseller.Country (Id, Name, SelectOrder, UserID, UpdateDate) VALUES (168, N'South Korea', 168, N'SOME/USERID', N'2022-03-28 11:46:25.913');
INSERT INTO Reseller.Country (Id, Name, SelectOrder, UserID, UpdateDate) VALUES (169, N'Spain ', 169, N'SOME/USERID', N'2022-03-28 11:46:25.913');
INSERT INTO Reseller.Country (Id, Name, SelectOrder, UserID, UpdateDate) VALUES (170, N'Sri Lanka', 170, N'SOME/USERID', N'2022-03-28 11:46:25.913');
INSERT INTO Reseller.Country (Id, Name, SelectOrder, UserID, UpdateDate) VALUES (171, N'Suriname', 171, N'SOME/USERID', N'2022-03-28 11:46:25.913');
INSERT INTO Reseller.Country (Id, Name, SelectOrder, UserID, UpdateDate) VALUES (172, N'Swaziland ', 172, N'SOME/USERID', N'2022-03-28 11:46:25.913');
INSERT INTO Reseller.Country (Id, Name, SelectOrder, UserID, UpdateDate) VALUES (173, N'Sweden', 173, N'SOME/USERID', N'2022-03-28 11:46:25.913');
INSERT INTO Reseller.Country (Id, Name, SelectOrder, UserID, UpdateDate) VALUES (174, N'Switzerland', 174, N'SOME/USERID', N'2022-03-28 11:46:25.913');
INSERT INTO Reseller.Country (Id, Name, SelectOrder, UserID, UpdateDate) VALUES (175, N'Taiwan', 175, N'SOME/USERID', N'2022-03-28 11:46:25.913');
INSERT INTO Reseller.Country (Id, Name, SelectOrder, UserID, UpdateDate) VALUES (176, N'Tajikistan', 176, N'SOME/USERID', N'2022-03-28 11:46:25.913');
INSERT INTO Reseller.Country (Id, Name, SelectOrder, UserID, UpdateDate) VALUES (177, N'Tanzania', 177, N'SOME/USERID', N'2022-03-28 11:46:25.913');
INSERT INTO Reseller.Country (Id, Name, SelectOrder, UserID, UpdateDate) VALUES (178, N'Thailand ', 178, N'SOME/USERID', N'2022-03-28 11:46:25.913');
INSERT INTO Reseller.Country (Id, Name, SelectOrder, UserID, UpdateDate) VALUES (179, N'Timor-Leste', 179, N'SOME/USERID', N'2022-03-28 11:46:25.913');
INSERT INTO Reseller.Country (Id, Name, SelectOrder, UserID, UpdateDate) VALUES (180, N'Togo', 180, N'SOME/USERID', N'2022-03-28 11:46:25.913');
INSERT INTO Reseller.Country (Id, Name, SelectOrder, UserID, UpdateDate) VALUES (181, N'Tonga', 181, N'SOME/USERID', N'2022-03-28 11:46:25.913');
INSERT INTO Reseller.Country (Id, Name, SelectOrder, UserID, UpdateDate) VALUES (182, N'Trinidad and Tobago', 182, N'SOME/USERID', N'2022-03-28 11:46:25.913');
INSERT INTO Reseller.Country (Id, Name, SelectOrder, UserID, UpdateDate) VALUES (183, N'Tunisia', 183, N'SOME/USERID', N'2022-03-28 11:46:25.913');
INSERT INTO Reseller.Country (Id, Name, SelectOrder, UserID, UpdateDate) VALUES (184, N'Turkey', 184, N'SOME/USERID', N'2022-03-28 11:46:25.913');
INSERT INTO Reseller.Country (Id, Name, SelectOrder, UserID, UpdateDate) VALUES (185, N'Turkmenistan', 185, N'SOME/USERID', N'2022-03-28 11:46:25.913');
INSERT INTO Reseller.Country (Id, Name, SelectOrder, UserID, UpdateDate) VALUES (186, N'Tuvalu', 186, N'SOME/USERID', N'2022-03-28 11:46:25.913');
INSERT INTO Reseller.Country (Id, Name, SelectOrder, UserID, UpdateDate) VALUES (187, N'Uganda', 187, N'SOME/USERID', N'2022-03-28 11:46:25.913');
INSERT INTO Reseller.Country (Id, Name, SelectOrder, UserID, UpdateDate) VALUES (188, N'Ukraine', 188, N'SOME/USERID', N'2022-03-28 11:46:25.913');
INSERT INTO Reseller.Country (Id, Name, SelectOrder, UserID, UpdateDate) VALUES (189, N'United Arab Emirates', 189, N'SOME/USERID', N'2022-03-28 11:46:25.913');
INSERT INTO Reseller.Country (Id, Name, SelectOrder, UserID, UpdateDate) VALUES (190, N'United Kingdom', 190, N'SOME/USERID', N'2022-03-28 11:46:25.913');
INSERT INTO Reseller.Country (Id, Name, SelectOrder, UserID, UpdateDate) VALUES (191, N'Uruguay', 191, N'SOME/USERID', N'2022-03-28 11:46:25.913');
INSERT INTO Reseller.Country (Id, Name, SelectOrder, UserID, UpdateDate) VALUES (192, N'Uzbekistan', 192, N'SOME/USERID', N'2022-03-28 11:46:25.913');
INSERT INTO Reseller.Country (Id, Name, SelectOrder, UserID, UpdateDate) VALUES (193, N'Vanuatu', 193, N'SOME/USERID', N'2022-03-28 11:46:25.913');
INSERT INTO Reseller.Country (Id, Name, SelectOrder, UserID, UpdateDate) VALUES (194, N'Venezuela', 194, N'SOME/USERID', N'2022-03-28 11:46:25.913');
INSERT INTO Reseller.Country (Id, Name, SelectOrder, UserID, UpdateDate) VALUES (195, N'Vietnam', 195, N'SOME/USERID', N'2022-03-28 11:46:25.913');
INSERT INTO Reseller.Country (Id, Name, SelectOrder, UserID, UpdateDate) VALUES (196, N'Yemen', 196, N'SOME/USERID', N'2022-03-28 11:46:25.913');
INSERT INTO Reseller.Country (Id, Name, SelectOrder, UserID, UpdateDate) VALUES (197, N'Zambia', 197, N'SOME/USERID', N'2022-03-28 11:46:25.913');
INSERT INTO Reseller.Country (Id, Name, SelectOrder, UserID, UpdateDate) VALUES (198, N'Zimbabwe ', 198, N'SOME/USERID', N'2022-03-28 11:46:25.913');
INSERT INTO Reseller.Country (Id, Name, SelectOrder, UserID, UpdateDate) VALUES (199, N'Other', 199, N'SOME/USERID', N'2022-03-28 11:46:25.913');

INSERT INTO Reseller.AddressType (Id, Name, Description, UserID, UpdateDate) VALUES (1, N'ContactAddress', N'Primary organization contact address', N'SOME/USERID', N'2022-03-28 11:39:45.243');

INSERT INTO Reseller.OrganizationType (Id, Name, Description, UserID, UpdateDate) VALUES (1, N'Reseller', N'SR4 license reseller', N'SOME/USERID', N'2022-03-28 12:21:31.107');
INSERT INTO Reseller.OrganizationType (Id, Name, Description, UserID, UpdateDate) VALUES (2, N'Organization', N'Subscription owner organization', N'SOME/USERID', N'2022-03-28 11:14:10.653');

SET IDENTITY_INSERT Reseller.OrganizationRole ON;
INSERT INTO Reseller.OrganizationRole (Id, Name, Description, UserID, UpdateDate)VALUES (1, N'Fleet manager', N'Truck fleet manager', N'SOME/USERID', N'2022-03-28 11:26:28.730');
INSERT INTO Reseller.OrganizationRole (Id, Name, Description, UserID, UpdateDate) VALUES (2, N'Manager', N'Subscription owner', N'SOME/USERID', N'2022-03-28 11:27:13.580');
INSERT INTO Reseller.OrganizationRole (Id, Name, Description, UserID, UpdateDate) VALUES (3, N'Other', N'', N'SOME/USERID', N'2022-03-28 11:28:28.293');
SET IDENTITY_INSERT Reseller.OrganizationRole OFF;

SET IDENTITY_INSERT Reseller.OrganizationAccount ON;
INSERT INTO Reseller.OrganizationAccount (Id, OrganizationTypeId, ParentOrganizationId, Name, AccountID, IsDeleted, UserID, UpdateDate)VALUES (3, 1, null, N'ECorp CHINA', N'1-CDQO1B9', 0, N'SOME/OTHERID', N'2022-06-02 14:09:02.060');
INSERT INTO Reseller.OrganizationAccount (Id, OrganizationTypeId, ParentOrganizationId, Name, AccountID, IsDeleted, UserID, UpdateDate) VALUES (215, 1, null, N'ECorp-US - Without AccountID', null, 0, N'SOME/OTHERID', N'2023-08-30 08:16:12.103');
INSERT INTO Reseller.OrganizationAccount (Id, OrganizationTypeId, ParentOrganizationId, Name, AccountID, IsDeleted, UserID, UpdateDate) VALUES (227, 2, 3, N'Test Chinese Organization 1', null, 0, N'SOME/OTHERID', N'2023-09-21 08:03:57.923');
INSERT INTO Reseller.OrganizationAccount (Id, OrganizationTypeId, ParentOrganizationId, Name, AccountID, IsDeleted, UserID, UpdateDate) VALUES (228, 2, 3, N'Test Chinese Organization 2', null, 0, N'SOME/OTHERID', N'2023-09-21 08:05:49.070');
SET IDENTITY_INSERT Reseller.OrganizationAccount OFF;

SET IDENTITY_INSERT Reseller.OrganizationAddress ON;
INSERT INTO Reseller.OrganizationAddress (Id, OrganizationAccountId, AddressTypeId, Address, Address2, Address3, City, State, CountryId, PostalCode, UserID, UpdateDate)VALUES (1, 3, 1, N'2 Lou Yang Rd Suhou Industrial Park', null, null, N'Suzhou Jiangsu', N'Jiangsu', 38, N'215121', N'SOME/OTHERID', N'2022-05-20 08:57:42.263');
INSERT INTO Reseller.OrganizationAddress (Id, OrganizationAccountId, AddressTypeId, Address, Address2, Address3, City, State, CountryId, PostalCode, UserID, UpdateDate) VALUES (172, 215, 1, N'13100 E Michigan Ave', null, null, N'Galesburg', N'MI', 1, N'49053', N'SOME/OTHERID', N'2023-08-30 08:18:07.397');
INSERT INTO Reseller.OrganizationAddress (Id, OrganizationAccountId, AddressTypeId, Address, Address2, Address3, City, State, CountryId, PostalCode, UserID, UpdateDate) VALUES (184, 227, 1, N'Chinese Reseller 1', null, null, N'City China 1', N'State China 1', 38, N'123456', N'SOME/OTHERID', N'2023-09-21 08:03:58.100');
INSERT INTO Reseller.OrganizationAddress (Id, OrganizationAccountId, AddressTypeId, Address, Address2, Address3, City, State, CountryId, PostalCode, UserID, UpdateDate) VALUES (185, 228, 1, N'Address Chinese Reseller 2', null, null, N'City China 2', N'State China 2', 38, N'123456', N'SOME/OTHERID', N'2023-09-21 08:05:49.150');
SET IDENTITY_INSERT Reseller.OrganizationAddress OFF;

INSERT INTO reseller.[identity].AspNetUsers (Id, UserName, NormalizedUserName, Email, NormalizedEmail, EmailConfirmed, PasswordHash, SecurityStamp, ConcurrencyStamp, PhoneNumber, PhoneNumberConfirmed, TwoFactorEnabled, LockoutEnd, LockoutEnabled, AccessFailedCount) VALUES (N'04dc0cea-7b11-4442-a66c-7246772f28ca', N'reseller2@p.com', N'RESELLER2@P.COM', N'reseller2@p.com', N'RESELLER2@P.COM', 0, N'AQAAAAIAAYagAAAAEM1sTgTwVhJ4bFWUqvvu9IPydKNPK5aOe27cDReVjEAgfoXwK1gV/GA7EqqktctUbg==', N'7RW6KN4ULDZU4TDUKBPUNADPWV6MA66I', N'99e4274a-f278-4f4b-ba81-e0c02919c66a', null, 0, 0, null, 1, 0);
INSERT INTO reseller.[identity].AspNetUsers (Id, UserName, NormalizedUserName, Email, NormalizedEmail, EmailConfirmed, PasswordHash, SecurityStamp, ConcurrencyStamp, PhoneNumber, PhoneNumberConfirmed, TwoFactorEnabled, LockoutEnd, LockoutEnabled, AccessFailedCount) VALUES (N'5bbd6d52-8e65-4e95-90b0-45cde666701c', N'admin@p.com', N'ADMIN@P.COM', N'admin@p.com', N'ADMIN@P.COM', 0, N'AQAAAAIAAYagAAAAELnG3IIuWyG/tGb/wENYUBUdJcIHd//HRWkZuAITKCAga6CkuxHpWCTm3QP8Uyt3kg==', N'22RGAGUJJRQIFCIW6ZXJW6UDDHUXD7UV', N'01e3e5f3-b54b-4273-ba34-e6ccb499b76c', null, 0, 0, null, 1, 0);
INSERT INTO reseller.[identity].AspNetUsers (Id, UserName, NormalizedUserName, Email, NormalizedEmail, EmailConfirmed, PasswordHash, SecurityStamp, ConcurrencyStamp, PhoneNumber, PhoneNumberConfirmed, TwoFactorEnabled, LockoutEnd, LockoutEnabled, AccessFailedCount) VALUES (N'6c8c059f-3fd5-4e8b-9137-ed178f44e8c7', N'customer1@p.com', N'CUSTOMER1@P.COM', N'customer1@p.com', N'CUSTOMER1@P.COM', 0, N'AQAAAAIAAYagAAAAEL4X7lQa3PiAPE+MOFOQf/aaF+gPu25+UyWce00OXmpSRt2nMObgCVQukHWtmLK71A==', N'SH7PWKWLO7DNJP7QKRPFYGPMRDVE5IPB', N'e5172f03-b1ba-48a9-88f4-62bd1f1940dd', null, 0, 0, null, 1, 0);
INSERT INTO reseller.[identity].AspNetUsers (Id, UserName, NormalizedUserName, Email, NormalizedEmail, EmailConfirmed, PasswordHash, SecurityStamp, ConcurrencyStamp, PhoneNumber, PhoneNumberConfirmed, TwoFactorEnabled, LockoutEnd, LockoutEnabled, AccessFailedCount) VALUES (N'7becc5c7-15c4-4929-a364-ca266266f8ed', N'reseller1@p.com', N'RESELLER1@P.COM', N'reseller1@p.com', N'RESELLER1@P.COM', 0, N'AQAAAAIAAYagAAAAEAOGRFdapCbDyHj6ajs9Nw/Gmqny8ZvwY7lVz0r/YfmFDhvbYSMhdU7HZt4sJpeu0g==', N'IPJ5OB3ZYXWLRILQ7UY3CRWFSQS624AL', N'7fae567d-1852-4702-a5be-370109aac43e', null, 0, 0, null, 1, 0);
INSERT INTO reseller.[identity].AspNetUsers (Id, UserName, NormalizedUserName, Email, NormalizedEmail, EmailConfirmed, PasswordHash, SecurityStamp, ConcurrencyStamp, PhoneNumber, PhoneNumberConfirmed, TwoFactorEnabled, LockoutEnd, LockoutEnabled, AccessFailedCount) VALUES (N'fde77dec-d3fc-4a4a-972b-0cc648ea644c', N'customer2@p.com', N'CUSTOMER2@P.COM', N'customer2@p.com', N'CUSTOMER2@P.COM', 0, N'AQAAAAIAAYagAAAAEBz+EhPXPW78BNppqzPPyL8J6jktKoi04w+oIGXvT9A2nSLp25ylRRbaYswHQHUoPg==', N'732GMDQE25AMJSU3WL75E5NQJGJ64CUS', N'6576e772-cfec-4ead-b8c3-8ef318e14bcd', null, 0, 0, null, 1, 0);
INSERT INTO reseller.[identity].AspNetUsers (Id, UserName, NormalizedUserName, Email, NormalizedEmail, EmailConfirmed, PasswordHash, SecurityStamp, ConcurrencyStamp, PhoneNumber, PhoneNumberConfirmed, TwoFactorEnabled, LockoutEnd, LockoutEnabled, AccessFailedCount) VALUES (N'498837b6-d20c-43d7-b563-e4de59afbb13', N'reseller3@p.com', N'RESELLER3@P.COM', N'reseller3@p.com', N'RESELLER3@P.COM', 0, N'AQAAAAIAAYagAAAAEBnQiAMlg2NuA0XbvZSyxpedxFwoqzBc3MXJoWhGisndT+CrkYCjL+Pk0NA7bY9BiA==', N'ZRMQUNQU26EM7SPZJWJBPC2ECWR3ZQPG', N'a30b490b-77ba-447f-b754-6dda083c0fb6', null, 0, 0, null, 1, 0);

INSERT INTO reseller.[identity].AspNetRoles (Id, Name, NormalizedName, ConcurrencyStamp) VALUES (N'05582bc1-5403-4127-8f2d-c6e5c70c5749', N'Admin', N'ADMIN', null);
INSERT INTO reseller.[identity].AspNetRoles (Id, Name, NormalizedName, ConcurrencyStamp) VALUES (N'4d07ad61-6508-48c2-aae8-454f15e5a984', N'Reseller', N'RESELLER', null);
INSERT INTO reseller.[identity].AspNetRoles (Id, Name, NormalizedName, ConcurrencyStamp) VALUES (N'8b274ebb-8ae4-4342-894b-c2e8eabaa660', N'Customer', N'CUSTOMER', null);

INSERT INTO reseller.[identity].AspNetUserRoles (UserId, RoleId) VALUES (N'5bbd6d52-8e65-4e95-90b0-45cde666701c', N'05582bc1-5403-4127-8f2d-c6e5c70c5749');
INSERT INTO reseller.[identity].AspNetUserRoles (UserId, RoleId) VALUES (N'04dc0cea-7b11-4442-a66c-7246772f28ca', N'4d07ad61-6508-48c2-aae8-454f15e5a984');
INSERT INTO reseller.[identity].AspNetUserRoles (UserId, RoleId) VALUES (N'7becc5c7-15c4-4929-a364-ca266266f8ed', N'4d07ad61-6508-48c2-aae8-454f15e5a984');
INSERT INTO reseller.[identity].AspNetUserRoles (UserId, RoleId) VALUES (N'498837b6-d20c-43d7-b563-e4de59afbb13', N'4d07ad61-6508-48c2-aae8-454f15e5a984');
INSERT INTO reseller.[identity].AspNetUserRoles (UserId, RoleId) VALUES (N'6c8c059f-3fd5-4e8b-9137-ed178f44e8c7', N'8b274ebb-8ae4-4342-894b-c2e8eabaa660');
INSERT INTO reseller.[identity].AspNetUserRoles (UserId, RoleId) VALUES (N'fde77dec-d3fc-4a4a-972b-0cc648ea644c', N'8b274ebb-8ae4-4342-894b-c2e8eabaa660');

SET IDENTITY_INSERT Reseller.OrganizationContact ON;
INSERT INTO Reseller.OrganizationContact (Id, OrganizationAccountId, FirstName, LastName, OrganizationRoleId, ContactTypeId, EMail, PhoneNumber, Login, UserID, UpdateDate, LoginUserId) VALUES (210, 227, N'FN China 1', N'LN China1', 2, 2, N'china1@gmail.com', N'86-123456789', null, N'SOME/OTHERID', N'2023-09-21 08:03:58.243', N'fde77dec-d3fc-4a4a-972b-0cc648ea644c');
INSERT INTO Reseller.OrganizationContact (Id, OrganizationAccountId, FirstName, LastName, OrganizationRoleId, ContactTypeId, EMail, PhoneNumber, Login, UserID, UpdateDate, LoginUserId) VALUES (211, 228, N'FN China 2', N'LN China 2', 2, 2, N'china2@gmail.com', N'86-123456789', null, N'SOME/OTHERID', N'2023-09-21 08:05:49.230', N'6c8c059f-3fd5-4e8b-9137-ed178f44e8c7');
INSERT INTO Reseller.OrganizationContact (Id, OrganizationAccountId, FirstName, LastName, OrganizationRoleId, ContactTypeId, EMail, PhoneNumber, Login, UserID, UpdateDate, LoginUserId) VALUES (212, 3, N'Andrew', N'Laskovy', 3, 1, N'AndrewMLaskovy@ECorp.com', N'1-555555555', N'NAPA\E9915438', N'SOME/OTHERID', N'2023-10-16 11:35:36.107', N'04dc0cea-7b11-4442-a66c-7246772f28ca');
INSERT INTO Reseller.OrganizationContact (Id, OrganizationAccountId, FirstName, LastName, OrganizationRoleId, ContactTypeId, EMail, PhoneNumber, Login, UserID, UpdateDate, LoginUserId) VALUES (213, 3, N'Patrik', N'Pavelka', 3, 1, N'p@p.com', N'420-775642233', N'ECorp\C9001558', N'SOME/OTHERID', N'2024-11-29 09:07:12.590', N'7becc5c7-15c4-4929-a364-ca266266f8ed');
INSERT INTO Reseller.OrganizationContact (Id, OrganizationAccountId, FirstName, LastName, OrganizationRoleId, ContactTypeId, EMail, PhoneNumber, Login, UserID, UpdateDate, LoginUserId) VALUES (214, 215, N'Patrik', N'Sadelka', 3, 1, N'p2@p.com', N'420-375642233', N'ECorp\C01558', N'ECorp\E51459', N'2024-11-29 09:07:12.590', N'498837b6-d20c-43d7-b563-e4de59afbb13');
SET IDENTITY_INSERT Reseller.OrganizationContact OFF;

SET IDENTITY_INSERT Activation.SerialNumberRequestLog ON;
INSERT INTO Activation.SerialNumberRequestLog (ID, OrderdDate, RequestedSN, UserID, UpdateDate)VALUES (63647, N'2023-09-06 17:48:34.940', 1, N'SOME/OOOID', N'2023-09-06 17:48:34.940');
INSERT INTO Activation.SerialNumberRequestLog (ID, OrderdDate, RequestedSN, UserID, UpdateDate) VALUES (63648, N'2023-09-06 17:49:47.873', 5, N'SOME/OOOID', N'2023-09-06 17:49:47.873');
INSERT INTO Activation.SerialNumberRequestLog (ID, OrderdDate, RequestedSN, UserID, UpdateDate) VALUES (63649, N'2023-09-06 17:51:13.240', 5, N'SOME/OOOID', N'2023-09-06 17:51:13.240');
SET IDENTITY_INSERT Activation.SerialNumberRequestLog OFF;

SET IDENTITY_INSERT Activation.SerialNumberDetails ON;
INSERT INTO Activation.SerialNumberDetails (ID, SerialNumberRequestLogID, SerialNumber, AccountID, Prefix, ProductNumber, ExpirationDate, IsTemp, IsValid, UserID, UpdateDate, LatestModificationDate, ResellerCode, ResellerAccount, ResellerInvoice, ResellerInvoiceLastRenew)VALUES (99625, 63647, N'RPR-C1E8UL-F76YX-1K44K-KJQU8-MS3J3-27H18', N'HelloAccount', N'RPR', N'RPR-HLPKD-001', N'2024-09-06 00:00:00.000', 0, 1, N'SOME/OOOID', N'2023-09-06 17:48:34.940', null, N'', N'', N'', N'');
INSERT INTO Activation.SerialNumberDetails (ID, SerialNumberRequestLogID, SerialNumber, AccountID, Prefix, ProductNumber, ExpirationDate, IsTemp, IsValid, UserID, UpdateDate, LatestModificationDate, ResellerCode, ResellerAccount, ResellerInvoice, ResellerInvoiceLastRenew) VALUES (99626, 63648, N'RPR-7K7F5N-6RUTQ-VX3ND-6A9KF-SK81J-324JS', N'HelloAccount', N'RPR', N'RPR-HLPKD-001', N'2024-09-06 00:00:00.000', 0, 1, N'SOME/OOOID', N'2023-09-06 17:49:47.873', null, N'', N'', N'', N'');
INSERT INTO Activation.SerialNumberDetails (ID, SerialNumberRequestLogID, SerialNumber, AccountID, Prefix, ProductNumber, ExpirationDate, IsTemp, IsValid, UserID, UpdateDate, LatestModificationDate, ResellerCode, ResellerAccount, ResellerInvoice, ResellerInvoiceLastRenew) VALUES (99627, 63648, N'RPR-V7FC5E-4U534-P65W1-J9TXH-32QPM-G7KKN', N'HelloAccount', N'RPR', N'RPR-HLPKD-001', N'2024-09-06 00:00:00.000', 0, 1, N'SOME/OOOID', N'2023-09-06 17:49:47.873', null, N'', N'', N'', N'');
INSERT INTO Activation.SerialNumberDetails (ID, SerialNumberRequestLogID, SerialNumber, AccountID, Prefix, ProductNumber, ExpirationDate, IsTemp, IsValid, UserID, UpdateDate, LatestModificationDate, ResellerCode, ResellerAccount, ResellerInvoice, ResellerInvoiceLastRenew) VALUES (99628, 63648, N'RPR-JCY6TY-TVPRH-7FQY3-LM7A3-DFJ32-97LD7', N'HelloAccount', N'RPR', N'RPR-HLPKD-001', N'2024-09-06 00:00:00.000', 0, 1, N'SOME/OOOID', N'2023-09-06 17:49:47.873', null, N'', N'', N'', N'');
INSERT INTO Activation.SerialNumberDetails (ID, SerialNumberRequestLogID, SerialNumber, AccountID, Prefix, ProductNumber, ExpirationDate, IsTemp, IsValid, UserID, UpdateDate, LatestModificationDate, ResellerCode, ResellerAccount, ResellerInvoice, ResellerInvoiceLastRenew) VALUES (99629, 63648, N'RPR-VYDGP8-L0NJE-P3KD2-7H326-4TDW6-D75J1', N'HelloAccount', N'RPR', N'RPR-HLPKD-001', N'2024-09-06 00:00:00.000', 0, 1, N'SOME/OOOID', N'2023-09-06 17:49:47.873', null, N'', N'', N'', N'');
INSERT INTO Activation.SerialNumberDetails (ID, SerialNumberRequestLogID, SerialNumber, AccountID, Prefix, ProductNumber, ExpirationDate, IsTemp, IsValid, UserID, UpdateDate, LatestModificationDate, ResellerCode, ResellerAccount, ResellerInvoice, ResellerInvoiceLastRenew) VALUES (99630, 63648, N'RPR-VC3PPX-XWERT-U1J32-4HLCV-7ERP4-K7K2G', N'HelloAccount', N'RPR', N'RPR-HLPKD-001', N'2024-09-06 00:00:00.000', 0, 1, N'SOME/OOOID', N'2023-09-06 17:49:47.873', null, N'', N'', N'', N'');
INSERT INTO Activation.SerialNumberDetails (ID, SerialNumberRequestLogID, SerialNumber, AccountID, Prefix, ProductNumber, ExpirationDate, IsTemp, IsValid, UserID, UpdateDate, LatestModificationDate, ResellerCode, ResellerAccount, ResellerInvoice, ResellerInvoiceLastRenew) VALUES (99631, 63649, N'RPR-YDK9WU-X0RE8-3LVSH-9HFPH-7TRJ3-27HW8', N'ECorp', N'RPR', N'RPR-HLPKD-001', N'2024-09-06 00:00:00.000', 0, 1, N'SOME/OOOID', N'2023-09-06 17:51:13.240', null, N'', N'', N'', N'');
INSERT INTO Activation.SerialNumberDetails (ID, SerialNumberRequestLogID, SerialNumber, AccountID, Prefix, ProductNumber, ExpirationDate, IsTemp, IsValid, UserID, UpdateDate, LatestModificationDate, ResellerCode, ResellerAccount, ResellerInvoice, ResellerInvoiceLastRenew) VALUES (99632, 63649, N'RPR-CWR8MQ-XC56J-32FE8-RMWMN-TC1CE-J7HMD', N'ECorp', N'RPR', N'RPR-HLPKD-001', N'2024-09-06 00:00:00.000', 0, 1, N'SOME/OOOID', N'2023-09-06 17:51:13.240', null, N'', N'', N'', N'');
INSERT INTO Activation.SerialNumberDetails (ID, SerialNumberRequestLogID, SerialNumber, AccountID, Prefix, ProductNumber, ExpirationDate, IsTemp, IsValid, UserID, UpdateDate, LatestModificationDate, ResellerCode, ResellerAccount, ResellerInvoice, ResellerInvoiceLastRenew) VALUES (99633, 63649, N'RPR-23JPXE-D9QDK-0L4ND-X66HT-L3PEM-N7HYU', N'ECorp', N'RPR', N'RPR-HLPKD-001', N'2024-09-06 00:00:00.000', 0, 1, N'SOME/OOOID', N'2023-09-06 17:51:13.240', null, N'', N'', N'', N'');
INSERT INTO Activation.SerialNumberDetails (ID, SerialNumberRequestLogID, SerialNumber, AccountID, Prefix, ProductNumber, ExpirationDate, IsTemp, IsValid, UserID, UpdateDate, LatestModificationDate, ResellerCode, ResellerAccount, ResellerInvoice, ResellerInvoiceLastRenew) VALUES (99634, 63649, N'RPR-NGDECX-1H32G-7LUX9-PXCKT-VR341-075CA', N'ECorp', N'RPR', N'RPR-HLPKD-001', N'2024-09-06 00:00:00.000', 0, 1, N'SOME/OOOID', N'2023-09-06 17:51:13.240', null, N'', N'', N'', N'');
INSERT INTO Activation.SerialNumberDetails (ID, SerialNumberRequestLogID, SerialNumber, AccountID, Prefix, ProductNumber, ExpirationDate, IsTemp, IsValid, UserID, UpdateDate, LatestModificationDate, ResellerCode, ResellerAccount, ResellerInvoice, ResellerInvoiceLastRenew) VALUES (99635, 63649, N'RPR-K68T00-YRGUD-3EK6G-GEJ32-QATQV-J7HAL', N'ECorp', N'RPR', N'RPR-HLPKD-001', N'2024-09-06 00:00:00.000', 0, 1, N'SOME/OOOID', N'2023-09-06 17:51:13.240', null, N'', N'', N'', N'');
SET IDENTITY_INSERT Activation.SerialNumberDetails OFF;


SET IDENTITY_INSERT Activation.PackageDetails ON;
INSERT INTO Activation.PackageDetails (ID, ProductNumber, ProductName, Title, Prefix, Legacy, LegacyPlus, [Current], Advanced, Engineering, Hybrid, Flags, Subscription, UserID, UpdateDate, RoleKeyId) VALUES (2063, N'RPR-HLPKD-001', N'TechAssist Professional', N'TechAssist Professional  Regional with ECorp wheel and hybrid product support - 1 year subscription', N'RPR', 1, 1, 1, 1, 0, 1, 23, 12, N'SOME/USERID', N'2021-01-19 15:47:48.207', 5);
INSERT INTO Activation.PackageDetails (ID, ProductNumber, ProductName, Title, Prefix, Legacy, LegacyPlus, [Current], Advanced, Engineering, Hybrid, Flags, Subscription, UserID, UpdateDate, RoleKeyId) VALUES (2064, N'ROM-OEM-001', N'TechAssist Professional', N'TechAssist OEM Regional - 1 year subscription', N'ROM', 1, 1, 1, 1, 0, 1, 23, 12, N'SOME/USERID', N'2021-01-19 15:49:33.877', 20);
INSERT INTO Activation.PackageDetails (ID, ProductNumber, ProductName, Title, Prefix, Legacy, LegacyPlus, [Current], Advanced, Engineering, Hybrid, Flags, Subscription, UserID, UpdateDate, RoleKeyId) VALUES (3062, N'VCP-003', N'VCP Professional', N'VCP - 3 year subscription', N'VCP', 1, 1, 1, 1, 1, 1, 31, 36, N'SOME/USERID', N'2021-02-18 13:26:37.193', 20);
SET IDENTITY_INSERT Activation.PackageDetails OFF;

SET IDENTITY_INSERT Reseller.OrganizationPackageDetails ON;
INSERT INTO Reseller.OrganizationPackageDetails (Id, OrganizationAccountId, PackageDetailsId, SerialNumbersCount, UserID, UpdateDate)VALUES (2, 3, 2063, 1000, N'SOME/OTHERID', N'2022-06-06 08:59:22.550');
INSERT INTO Reseller.OrganizationPackageDetails (Id, OrganizationAccountId, PackageDetailsId, SerialNumbersCount, UserID, UpdateDate) VALUES (3, 215, 2063, 500, N'SOME/OTHERID', N'2023-08-30 08:42:53.457');
SET IDENTITY_INSERT Reseller.OrganizationPackageDetails OFF;

INSERT INTO Reseller.InvoiceType (Id, Name, Description, UserID, UpdateDate) VALUES (1, N'Create', N'Create new licenses', N'SOME/USERID', N'2022-03-28 12:02:30.740');
INSERT INTO Reseller.InvoiceType (Id, Name, Description, UserID, UpdateDate) VALUES (2, N'Transfer', N'Transfer licenses to different PC', N'SOME/USERID', N'2022-03-28 12:03:00.960');
INSERT INTO Reseller.InvoiceType (Id, Name, Description, UserID, UpdateDate) VALUES (3, N'Renew', N'Renew licenses expiration date', N'SOME/USERID', N'2022-03-28 12:03:29.837');
INSERT INTO Reseller.InvoiceType (Id, Name, Description, UserID, UpdateDate) VALUES (4, N'Terminate', N'Terminate licenses', N'SOME/USERID', N'2022-03-28 12:03:46.670');
INSERT INTO Reseller.InvoiceType (Id, Name, Description, UserID, UpdateDate) VALUES (5, N'Move', N'Move License from Organization to Organization', N'SOME/OTHERID', N'2022-11-30 14:46:40.860');


SET IDENTITY_INSERT Reseller.Invoice ON;
INSERT INTO Reseller.Invoice (Id, OrganizationAccountId, InvoiceTypeId, UserID, UpdateDate)VALUES (103, 228, 1, N'SOME/OOOID', N'2023-09-06 13:48:25.323');
INSERT INTO Reseller.Invoice (Id, OrganizationAccountId, InvoiceTypeId, UserID, UpdateDate) VALUES (104, 227, 1, N'SOME/OOOID', N'2023-09-06 13:49:36.970');
INSERT INTO Reseller.Invoice (Id, OrganizationAccountId, InvoiceTypeId, UserID, UpdateDate) VALUES (105, 227, 1, N'SOME/OOOID', N'2023-09-06 13:51:02.363');
SET IDENTITY_INSERT Reseller.Invoice OFF;


SET IDENTITY_INSERT Reseller.SubscriptionItem ON;
INSERT INTO Reseller.SubscriptionItem (Id, InvoiceId, SerialNumberDetailsId, EMailSentCount, UserID, UpdateDate)VALUES (739, 103, 99625, 0, N'SOME/OOOID', N'2023-09-06 13:48:25.560');
INSERT INTO Reseller.SubscriptionItem (Id, InvoiceId, SerialNumberDetailsId, EMailSentCount, UserID, UpdateDate) VALUES (740, 104, 99626, 0, N'SOME/OOOID', N'2023-09-06 13:49:37.090');
INSERT INTO Reseller.SubscriptionItem (Id, InvoiceId, SerialNumberDetailsId, EMailSentCount, UserID, UpdateDate) VALUES (741, 104, 99627, 0, N'SOME/OOOID', N'2023-09-06 13:49:37.197');
INSERT INTO Reseller.SubscriptionItem (Id, InvoiceId, SerialNumberDetailsId, EMailSentCount, UserID, UpdateDate) VALUES (742, 104, 99628, 0, N'SOME/OOOID', N'2023-09-06 13:49:37.313');
INSERT INTO Reseller.SubscriptionItem (Id, InvoiceId, SerialNumberDetailsId, EMailSentCount, UserID, UpdateDate) VALUES (743, 104, 99629, 0, N'SOME/OOOID', N'2023-09-06 13:49:37.420');
INSERT INTO Reseller.SubscriptionItem (Id, InvoiceId, SerialNumberDetailsId, EMailSentCount, UserID, UpdateDate) VALUES (744, 104, 99630, 0, N'SOME/OOOID', N'2023-09-06 13:49:37.530');
INSERT INTO Reseller.SubscriptionItem (Id, InvoiceId, SerialNumberDetailsId, EMailSentCount, UserID, UpdateDate) VALUES (745, 105, 99631, 0, N'SOME/OOOID', N'2023-09-06 13:51:02.483');
INSERT INTO Reseller.SubscriptionItem (Id, InvoiceId, SerialNumberDetailsId, EMailSentCount, UserID, UpdateDate) VALUES (746, 105, 99632, 0, N'SOME/OOOID', N'2023-09-06 13:51:02.617');
INSERT INTO Reseller.SubscriptionItem (Id, InvoiceId, SerialNumberDetailsId, EMailSentCount, UserID, UpdateDate) VALUES (747, 105, 99633, 0, N'SOME/OOOID', N'2023-09-06 13:51:02.793');
INSERT INTO Reseller.SubscriptionItem (Id, InvoiceId, SerialNumberDetailsId, EMailSentCount, UserID, UpdateDate) VALUES (748, 105, 99634, 0, N'SOME/OOOID', N'2023-09-06 13:51:02.960');
INSERT INTO Reseller.SubscriptionItem (Id, InvoiceId, SerialNumberDetailsId, EMailSentCount, UserID, UpdateDate) VALUES (749, 105, 99635, 0, N'SOME/OOOID', N'2023-09-06 13:51:03.083');
SET IDENTITY_INSERT Reseller.SubscriptionItem OFF;


INSERT INTO Activation.ActivationDetails (
    SerialNumberDetailsID,
    ReferenceId,
    CustomerName,
    Organization,
    SystemName,
    ProfileHash,
    DateActivated,
    AllowNewMachine,
    UserID,
    UpdateDate
)
VALUES
    (99625, 1001, 'John Doe', 'Acme Corp', 'Server-001', HASHBYTES('SHA2_256', 'profile1'), GETDATE(), 1, SUSER_SNAME(), GETDATE()),
    (99626, 1002, 'Jane Smith', 'Beta Ltd', 'Workstation-01', HASHBYTES('SHA2_256', 'profile2'), GETDATE(), 0, SUSER_SNAME(), GETDATE()),
    (99627, 1003, 'Alice Brown', 'Gamma Inc', 'Laptop-123', HASHBYTES('SHA2_256', 'profile3'), GETDATE(), 1, SUSER_SNAME(), GETDATE()),
    (99628, 1004, 'Robert Johnson', 'Delta LLC', 'Server-002', HASHBYTES('SHA2_256', 'profile4'), GETDATE(), 0, SUSER_SNAME(), GETDATE()),
    (99629, 1005, 'Emma Wilson', 'Epsilon Ltd', 'Desktop-PC', HASHBYTES('SHA2_256', 'profile5'), GETDATE(), 1, SUSER_SNAME(), GETDATE()),
    (99630, 1006, 'Liam Martinez', 'Zeta Corp', 'VM-Host-1', HASHBYTES('SHA2_256', 'profile6'), GETDATE(), 0, SUSER_SNAME(), GETDATE()),
    (99631, 1007, 'Sophia Davis', 'Eta Solutions', 'NAS-Storage', HASHBYTES('SHA2_256', 'profile7'), GETDATE(), 1, SUSER_SNAME(), GETDATE()),
    (99632, 1008, 'Noah Clark', 'Theta Systems', 'Cloud-Server', HASHBYTES('SHA2_256', 'profile8'), GETDATE(), 0, SUSER_SNAME(), GETDATE()),
    (99633, 1009, 'Olivia Rodriguez', 'Iota Ltd', 'Workstation-02', HASHBYTES('SHA2_256', 'profile9'), GETDATE(), 1, SUSER_SNAME(), GETDATE()),
    (99634, 1010, 'William Gonzalez', 'Kappa Group', 'Server-003', HASHBYTES('SHA2_256', 'profile10'), GETDATE(), 0, SUSER_SNAME(), GETDATE());


-- SerialNumberDetailID: 99625 - Ends in Enabled
INSERT INTO Activation.ActivationStatusLogs (SerialNumberDetailID, Status, Reason, UserID, UpdateDate)
VALUES
    (99625, 'Disabled', 'Initial state', SUSER_SNAME(), DATEADD(DAY, -30, GETDATE())),
    (99625, 'Enabled', 'User activated', SUSER_SNAME(), DATEADD(DAY, -20, GETDATE()));

-- SerialNumberDetailID: 99626 - Ends in Disabled
INSERT INTO Activation.ActivationStatusLogs (SerialNumberDetailID, Status, Reason, UserID, UpdateDate)
VALUES
    (99626, 'Disabled', 'Initial state', SUSER_SNAME(), DATEADD(DAY, -40, GETDATE())),
    (99626, 'Enabled', 'Activated by admin', SUSER_SNAME(), DATEADD(DAY, -25, GETDATE())),
    (99626, 'Disabled', 'User requested deactivation', SUSER_SNAME(), DATEADD(DAY, -10, GETDATE()));

-- SerialNumberDetailID: 99627 - Ends in Terminated
INSERT INTO Activation.ActivationStatusLogs (SerialNumberDetailID, Status, Reason, UserID, UpdateDate)
VALUES
    (99627, 'Disabled', 'Awaiting activation', SUSER_SNAME(), DATEADD(DAY, -35, GETDATE())),
    (99627, 'Enabled', 'User activated', SUSER_SNAME(), DATEADD(DAY, -28, GETDATE())),
    (99627, 'Terminated', 'Security policy violation', SUSER_SNAME(), DATEADD(DAY, -5, GETDATE()));

-- SerialNumberDetailID: 99628 - Ends in Enabled
INSERT INTO Activation.ActivationStatusLogs (SerialNumberDetailID, Status, Reason, UserID, UpdateDate)
VALUES
    (99628, 'Disabled', 'New license issued', SUSER_SNAME(), DATEADD(DAY, -50, GETDATE())),
    (99628, 'Enabled', 'User confirmed activation', SUSER_SNAME(), DATEADD(DAY, -30, GETDATE()));

-- SerialNumberDetailID: 99629 - Ends in Terminated
INSERT INTO Activation.ActivationStatusLogs (SerialNumberDetailID, Status, Reason, UserID, UpdateDate)
VALUES
    (99629, 'Disabled', 'Pending activation', SUSER_SNAME(), DATEADD(DAY, -60, GETDATE())),
    (99629, 'Enabled', 'Manually activated', SUSER_SNAME(), DATEADD(DAY, -45, GETDATE())),
    (99629, 'Terminated', 'License revoked', SUSER_SNAME(), DATEADD(DAY, -15, GETDATE()));

-- SerialNumberDetailID: 99630 - Ends in Disabled
INSERT INTO Activation.ActivationStatusLogs (SerialNumberDetailID, Status, Reason, UserID, UpdateDate)
VALUES
    (99630, 'Disabled', 'Deactivation due to inactivity', SUSER_SNAME(), DATEADD(DAY, -20, GETDATE()));

-- SerialNumberDetailID: 99631 - Ends in Enabled
INSERT INTO Activation.ActivationStatusLogs (SerialNumberDetailID, Status, Reason, UserID, UpdateDate)
VALUES
    (99631, 'Disabled', 'Awaiting verification', SUSER_SNAME(), DATEADD(DAY, -45, GETDATE())),
    (99631, 'Enabled', 'User completed verification', SUSER_SNAME(), DATEADD(DAY, -30, GETDATE()));

-- SerialNumberDetailID: 99632 - Ends in Terminated
INSERT INTO Activation.ActivationStatusLogs (SerialNumberDetailID, Status, Reason, UserID, UpdateDate)
VALUES
    (99632, 'Disabled', 'Initial state', SUSER_SNAME(), DATEADD(DAY, -55, GETDATE())),
    (99632, 'Enabled', 'Activated after review', SUSER_SNAME(), DATEADD(DAY, -40, GETDATE())),
    (99632, 'Terminated', 'System flagged for security breach', SUSER_SNAME(), DATEADD(DAY, -10, GETDATE()));

-- SerialNumberDetailID: 99633 - Ends in Disabled
INSERT INTO Activation.ActivationStatusLogs (SerialNumberDetailID, Status, Reason, UserID, UpdateDate)
VALUES
    (99633, 'Disabled', 'User requested hold', SUSER_SNAME(), DATEADD(DAY, -25, GETDATE()));

-- SerialNumberDetailID: 99634 - Ends in Enabled
INSERT INTO Activation.ActivationStatusLogs (SerialNumberDetailID, Status, Reason, UserID, UpdateDate)
VALUES
    (99634, 'Disabled', 'License renewal required', SUSER_SNAME(), DATEADD(DAY, -60, GETDATE())),
    (99634, 'Enabled', 'License renewed successfully', SUSER_SNAME(), DATEADD(DAY, -45, GETDATE()));


